<?xml version="1.0"?>
<!--
/**
 * BSS Commerce Co.
 *
 * NOTICE OF LICENSE
 *
 * This source file is subject to the EULA
 * that is bundled with this package in the file LICENSE.txt.
 * It is also available through the world-wide-web at this URL:
 * http://bsscommerce.com/Bss-Commerce-License.txt
 *
 * @category   BSS
 * @package    Bss_UrlRewriteImportExport
 * @author     Extension Team
 * @copyright  Copyright (c) 2017-2018 BSS Commerce Co. ( http://bsscommerce.com )
 * @license    http://bsscommerce.com/Bss-Commerce-License.txt
 */
 -->
<config xmlns:xsi="http://www.w3.org/2001/XMLSchema-instance" xsi:noNamespaceSchemaLocation="urn:magento:framework:ObjectManager/etc/config.xsd">
    <type name="Magento\ImportExport\Model\Import\SampleFileProvider">
        <arguments>
            <argument name="samples" xsi:type="array">
                <item name="bss_url_rewrite" xsi:type="string">Bss_UrlRewriteImportExport</item>
            </argument>
        </arguments>
    </type>
</config>
