<?xml version="1.0"?>
<!--
/**
 * @author Elsner Team
 * @copyright Copyright © Elsner Technologies Pvt. Ltd (https://www.elsner.com/)
 * @package Elsnertech_SpeedBooster
 */
-->
<config xmlns:xsi="http://www.w3.org/2001/XMLSchema-instance"
        xsi:noNamespaceSchemaLocation="urn:magento:framework:ObjectManager/etc/config.xsd">
    <type name="Elsnertech\SpeedBooster\Convertor\ConvertorListing">
        <arguments>
            <argument name="convertors" xsi:type="array">
                <item name="webp2" xsi:type="object">Elsnertech\SpeedBooster\Convertor\Convertor</item>
            </argument>
        </arguments>
    </type>
    <type name="Magento\Framework\Image">
        <plugin name="Elsnertech_SpeedBooster::convertAfterImageSave" type="Elsnertech\SpeedBooster\Plugin\ConvertAfterImageSave"/>
    </type>
</config>
