<?xml version="1.0"?>
<!--
/**
 * @author Elsner Team
 * @copyright Copyright © Elsner Technologies Pvt. Ltd (https://www.elsner.com/)
 * @package Elsnertech_SpeedBooster
 */
-->

<config xmlns:xsi="http://www.w3.org/2001/XMLSchema-instance" xsi:noNamespaceSchemaLocation="urn:magento:framework:Module/etc/module.xsd">
    <module name="Elsnertech_SpeedBooster" setup_version="1.0.3"/>
        <sequence>
            <module name="Magento_Backend" />
            <module name="Magento_PageCache"/>
            <module name="Magento_Store" />
            <module name="Magento_Catalog" />
            <module name="Magento_Config" />
            <module name="Magento_Theme" />            
        </sequence>    
</config>
