<?xml version="1.0"?>
<config xmlns:xsi="http://www.w3.org/2001/XMLSchema-instance" xsi:noNamespaceSchemaLocation="urn:magento:module:Magento_Config:etc/system_file.xsd">
    <system>
          <tab id="Elsnertech" translate="label" sortOrder="10">
                <label>Elsnertech</label>
            </tab>
            <section id="helloworld" translate="label" sortOrder="130" showInDefault="1" showInWebsite="1" showInStore="1">
                <class>separator-top</class>
                <label>collect professionals</label>
                <tab>Elsnertech</tab>
                <resource>Elsnertech_Professional::rofessional_config</resource>
                <group id="general" translate="label" type="text" sortOrder="10" showInDefault="1" showInWebsite="0" showInStore="0">
                    <label>General Configuration</label>
                    <field id="enable" translate="label" type="select" sortOrder="1" showInDefault="1" showInWebsite="0" showInStore="0">
                        <label>Module Enable</label>
                        <source_model>Magento\Config\Model\Config\Source\Yesno</source_model>
                    </field>


                    <field id="emailtitle" translate="label" type="text" sortOrder="1" showInDefault="1" showInWebsite="0" showInStore="0">
                        <label>Email Title</label>
                        <comment>This text will display on the Emailsend.</comment>
                    </field>

                    <field id="senderemail" translate="label" type="text" sortOrder="1" showInDefault="1" showInWebsite="0" showInStore="0">
                        <label>Sender-Email</label>
                        <comment>This text will display on the Emailsend.</comment>
                    </field>

                    <field id="maxsize" translate="label" type="text" sortOrder="1" showInDefault="1" showInWebsite="0" showInStore="0">
                        <label>Maxsize size</label>
                        <comment>This text will display on the Emailsend.</comment>
                    </field>
                



                </group>
            </section>
    </system>
</config>
